epoch,time,train/box_loss,train/cls_loss,train/dfl_loss,metrics/precision(B),metrics/recall(B),metrics/mAP50(B),metrics/mAP50-95(B),val/box_loss,val/cls_loss,val/dfl_loss,lr/pg0,lr/pg1,lr/pg2
1,4.79263,0.85474,18.5145,0.89741,0.00137,0.11667,0.00159,0.00097,0.48317,11.433,0.62954,0.00062,0.00062,0.00062
2,8.38232,0.46613,20.5251,0.54414,0.00314,0.26667,0.01172,0.00552,0.58492,12.0817,0.66317,0.00123921,0.00123921,0.00123921
3,12.2135,0.44885,20.9132,0.52098,0.00373,0.31667,0.01887,0.00473,0.59559,11.7263,0.69071,0.0018373,0.0018373,0.0018373
4,16.0732,0.49353,20.0247,0.5749,0.00216,0.18333,0.00201,0.00066,1.40736,13.3828,1.15943,0.001901,0.001901,0.001901
5,19.5468,0.67489,16.084,0.70917,0.00353,0.3,0.0036,0.00201,1.09974,212.713,0.95629,0.001868,0.001868,0.001868
6,23.217,0.59695,15.9229,0.69725,0.00137,0.11667,0.00104,0.00041,0.83082,15.2323,0.80337,0.001835,0.001835,0.001835
7,27.0831,0.53659,16.9782,0.58858,0.00216,0.18333,0.00884,0.00307,0.66128,8.20815,0.71474,0.001802,0.001802,0.001802
8,31.1264,0.48219,17.7822,0.53236,0.00255,0.21667,0.00206,0.001,0.79147,7.27275,1.04199,0.001769,0.001769,0.001769
9,35.1104,0.57285,14.5822,0.66024,0.00196,0.16667,0.00316,0.00087,0.99287,6.87744,1.31634,0.001736,0.001736,0.001736
10,38.8934,0.57941,12.5413,0.72347,0.00196,0.16667,0.00279,0.001,0.67261,9.63246,0.7865,0.001703,0.001703,0.001703
11,42.6493,0.44657,14.1145,0.53748,0.00176,0.15,0.00522,0.00109,0.69741,6.337,0.91802,0.00167,0.00167,0.00167
12,46.1145,0.69309,10.8025,0.86773,0.00176,0.15,0.00288,0.00091,0.74503,6.30074,0.97722,0.001637,0.001637,0.001637
13,49.6179,0.68556,10.5132,0.82343,0.00255,0.21667,0.00592,0.0019,0.61923,6.77069,0.8598,0.001604,0.001604,0.001604
14,53.4676,0.53828,12.8315,0.62787,0.00392,0.33333,0.01925,0.00727,0.80078,7.0172,1.10125,0.001571,0.001571,0.001571
15,57.2117,0.37152,13.1751,0.47213,0.00314,0.26667,0.00652,0.00307,0.87604,6.77445,1.20981,0.001538,0.001538,0.001538
16,61.0457,0.41211,12.9636,0.50259,0.00255,0.21667,0.00399,0.00203,0.87134,7.42565,1.04758,0.001505,0.001505,0.001505
17,65.3069,0.46247,11.3505,0.59483,0.00176,0.15,0.00302,0.0017,0.79797,7.0646,0.96787,0.001472,0.001472,0.001472
18,68.8355,0.39512,11.1983,0.55625,0.00157,0.13333,0.00301,0.00112,0.98051,6.79509,1.04878,0.001439,0.001439,0.001439
19,71.9311,0.54255,9.5118,0.67416,0.00176,0.15,0.00381,0.00194,0.90354,6.29524,1.07577,0.001406,0.001406,0.001406
20,74.8598,0.43073,12.7408,0.47905,0.00157,0.13333,0.00299,0.0016,0.81549,6.05766,0.99061,0.001373,0.001373,0.001373
21,77.9909,0.61362,9.15746,0.72667,0.00196,0.16667,0.0096,0.00521,0.6327,5.82046,0.72866,0.00134,0.00134,0.00134
22,80.8572,0.49645,10.5953,0.55021,0.00196,0.16667,0.00859,0.00439,0.70636,5.68077,0.76572,0.001307,0.001307,0.001307
23,83.5736,0.65081,8.67257,0.7815,0.00216,0.18333,0.00907,0.00482,0.59992,5.2565,0.73927,0.001274,0.001274,0.001274
24,86.4691,0.45368,10.6561,0.54496,0.00216,0.18333,0.00631,0.00365,0.53988,4.90367,0.69921,0.001241,0.001241,0.001241
25,89.2542,0.61175,9.43759,0.73355,0.00196,0.16667,0.00213,0.00086,0.58133,6.41313,0.7278,0.001208,0.001208,0.001208
26,92.2945,0.44865,9.49638,0.59063,0.00294,0.25,0.00311,0.00173,0.55597,5.64668,0.66289,0.001175,0.001175,0.001175
27,95.3185,0.34189,10.4232,0.48491,0.00275,0.23333,0.00455,0.00251,0.58441,4.66592,0.67539,0.001142,0.001142,0.001142
28,98.1529,0.55793,9.3315,0.66377,0.00373,0.31667,0.00453,0.00253,0.58671,4.77404,0.71259,0.001109,0.001109,0.001109
29,101.162,0.25239,10.903,0.35007,0.00451,0.38333,0.00655,0.00365,0.62229,4.41824,0.69877,0.001076,0.001076,0.001076
30,104.194,0.55971,7.66371,0.68696,0.00392,0.33333,0.01506,0.00819,0.58302,4.16326,0.70406,0.001043,0.001043,0.001043
31,107.235,0.29693,9.66629,0.44102,0.00373,0.31667,0.02225,0.0138,0.59963,4.00436,0.71326,0.00101,0.00101,0.00101
32,109.804,0.30444,10.1593,0.39538,0.00333,0.28333,0.02457,0.01452,0.64242,3.91184,0.71278,0.000977,0.000977,0.000977
33,112.747,0.40127,8.51211,0.56537,0.00333,0.28333,0.02309,0.01606,0.60341,3.75175,0.6836,0.000944,0.000944,0.000944
34,115.814,0.39456,7.99874,0.57124,0.00373,0.31667,0.02747,0.02066,0.54848,3.70624,0.66829,0.000911,0.000911,0.000911
35,118.609,0.54078,7.78583,0.65506,0.00275,0.23333,0.03259,0.0255,0.50452,3.67669,0.60646,0.000878,0.000878,0.000878
36,121.577,0.41056,8.42684,0.52206,0.00255,0.21667,0.03935,0.03173,0.47724,3.6197,0.61771,0.000845,0.000845,0.000845
37,124.33,0.27926,9.05865,0.39329,0.00216,0.18333,0.01018,0.00796,0.50615,3.70668,0.65388,0.000812,0.000812,0.000812
38,127.291,0.38047,7.98519,0.51854,0.00216,0.18333,0.03181,0.02672,0.48548,3.35907,0.62616,0.000779,0.000779,0.000779
39,130.171,0.48085,7.38846,0.62524,0.00353,0.3,0.05318,0.04303,0.42287,3.30503,0.57579,0.000746,0.000746,0.000746
40,132.953,0.39869,8.40818,0.50591,0.00373,0.31667,0.06046,0.04823,0.4086,3.34234,0.57092,0.000713,0.000713,0.000713
41,135.797,0.44084,7.51992,0.58027,0.00451,0.38333,0.08007,0.06047,0.43397,3.33657,0.57782,0.00068,0.00068,0.00068
42,138.514,0.28472,7.815,0.44295,0.00471,0.4,0.0526,0.03469,0.48989,3.38494,0.59597,0.000647,0.000647,0.000647
43,141.414,0.52048,5.47476,0.76911,0.00529,0.45,0.02445,0.01751,0.50584,3.6691,0.601,0.000614,0.000614,0.000614
44,144.443,0.34754,7.54579,0.49299,0.00549,0.46667,0.02096,0.01499,0.50402,4.14213,0.60349,0.000581,0.000581,0.000581
45,147.123,0.28203,8.63445,0.38169,0.00588,0.5,0.03093,0.02099,0.51794,4.31802,0.62841,0.000548,0.000548,0.000548
46,150.008,0.47039,7.40069,0.61373,0.00569,0.48333,0.03311,0.02412,0.5147,3.98278,0.64143,0.000515,0.000515,0.000515
47,152.739,0.3968,6.78558,0.57195,0.00549,0.46667,0.03173,0.02338,0.51467,3.75084,0.63774,0.000482,0.000482,0.000482
48,155.86,0.38219,7.17149,0.5655,0.00549,0.46667,0.03606,0.02647,0.46455,3.58767,0.60156,0.000449,0.000449,0.000449
49,158.627,0.32712,6.67554,0.52627,0.00549,0.46667,0.04303,0.03105,0.44448,3.49224,0.5886,0.000416,0.000416,0.000416
50,161.521,0.39158,6.0724,0.63469,0.00549,0.46667,0.05031,0.03673,0.41931,3.42948,0.57527,0.000383,0.000383,0.000383
51,164.971,0.15787,9.05747,0.24714,0.00549,0.46667,0.04343,0.03296,0.4383,3.47606,0.58044,0.00035,0.00035,0.00035
52,167.616,0.1445,8.97011,0.24405,0.04496,0.11667,0.02948,0.02197,0.46553,3.63532,0.6035,0.000317,0.000317,0.000317
53,170.27,0.16049,9.05564,0.21948,0.03529,0.4,0.04333,0.03135,0.45883,3.47674,0.6036,0.000284,0.000284,0.000284
54,173.127,0.12322,8.77082,0.21591,0.00569,0.48333,0.03666,0.02635,0.46124,3.50239,0.60674,0.000251,0.000251,0.000251
55,175.88,0.14688,8.81588,0.2453,0.00569,0.48333,0.04591,0.03516,0.43602,3.41714,0.60283,0.000218,0.000218,0.000218
56,178.677,0.13428,8.73102,0.22905,0.00569,0.48333,0.05537,0.04352,0.42845,3.33444,0.59683,0.000185,0.000185,0.000185
57,181.355,0.17356,8.80082,0.25892,0.00549,0.46667,0.05729,0.04436,0.40248,3.30898,0.60474,0.000152,0.000152,0.000152
58,184.242,0.17024,8.46816,0.26399,0.00569,0.48333,0.06087,0.0451,0.3958,3.28997,0.59752,0.000119,0.000119,0.000119
59,187.109,0.15419,8.46622,0.26344,0.00569,0.48333,0.07066,0.0484,0.4141,3.27867,0.60161,8.6e-05,8.6e-05,8.6e-05
60,189.981,0.14766,8.66025,0.2372,0.00569,0.48333,0.07463,0.05096,0.41502,3.25981,0.58795,5.3e-05,5.3e-05,5.3e-05
